Age,Pregnancy_No,Weight,Height,BMI,Heredity,Prediction,Target,Fasting_Glucose,Systolic_BP,Gestational_Weeks
17.0,1.0,48.0,165.0,17.6,0.0,0,0,95.3,138.0,35.0
17.0,1.0,49.0,145.0,23.3,0.0,0,0,92.1,120.0,30.0
17.0,1.0,50.0,140.0,25.5,0.0,0,0,99.7,138.0,36.0
17.0,1.0,50.0,145.0,23.8,0.0,0,0,106.5,126.0,36.0
17.0,1.0,49.0,146.0,23.0,0.0,0,0,91.2,120.0,23.0
17.0,1.0,49.0,146.0,23.0,0.0,0,0,91.2,121.0,23.0
16.0,1.0,49.0,147.0,22.7,0.0,0,0,106.5,122.0,17.0
16.0,1.0,52.0,147.0,24.1,0.0,0,0,100.2,128.0,21.0
18.0,1.0,50.0,165.0,18.4,0.0,0,0,87.4,127.0,35.0
17.0,1.0,52.0,147.0,24.1,1.0,0,0,98.3,121.0,33.0
17.0,1.0,52.0,150.0,23.1,0.0,0,0,89.3,125.0,33.0
16.0,1.0,52.0,150.0,23.1,0.0,0,0,89.3,140.0,31.0
18.0,1.0,55.0,156.0,22.6,1.0,0,0,95.1,137.0,27.0
18.0,1.0,53.0,150.0,23.6,0.0,0,0,77.2,128.0,31.0
18.0,1.0,53.0,148.0,24.2,0.0,0,0,79.0,126.0,27.0
18.0,1.0,53.0,150.0,23.6,0.0,0,0,88.7,126.0,33.0
19.0,1.0,52.0,180.0,16.0,0.0,0,0,81.8,128.0,34.0
19.0,1.0,53.0,150.0,23.6,0.0,0,0,96.1,119.0,37.0
19.0,1.0,52.0,150.0,23.1,0.0,0,0,85.5,124.0,28.0
19.0,1.0,52.0,150.0,23.1,0.0,0,0,81.2,114.0,35.0
20.0,1.0,49.0,165.0,18.0,0.0,0,0,103.7,127.0,17.0
19.0,1.0,50.0,152.0,21.6,0.0,0,0,90.7,130.0,26.0
19.0,1.0,50.0,151.0,21.9,0.0,0,0,93.3,122.0,36.0
19.0,1.0,50.0,151.0,21.9,0.0,0,0,80.6,136.0,21.0
20.0,1.0,55.0,160.0,21.5,0.0,0,0,88.0,117.0,31.0
20.0,1.0,54.0,150.0,24.0,0.0,0,0,94.5,116.0,25.0
20.0,1.0,54.0,150.0,24.0,1.0,0,0,83.8,128.0,36.0
20.0,1.0,54.0,150.0,24.0,0.0,0,0,96.8,134.0,27.0
20.0,1.0,53.0,154.0,22.3,0.0,0,0,87.8,137.0,15.0
20.0,1.0,55.0,150.0,24.4,0.0,0,0,91.3,123.0,31.0
20.0,1.0,58.0,149.0,26.1,0.0,0,0,89.3,134.0,37.0
20.0,1.0,58.0,151.0,25.4,0.0,0,0,109.9,126.0,15.0
21.0,1.0,54.0,151.0,23.7,0.0,0,0,93.4,125.0,24.0
21.0,1.0,58.0,151.0,25.4,0.0,0,0,85.2,133.0,22.0
21.0,1.0,58.0,150.0,25.8,0.0,0,0,101.3,132.0,25.0
21.0,1.0,54.0,150.0,24.0,0.0,0,0,83.2,116.0,30.0
22.0,1.0,54.0,156.0,22.2,0.0,0,0,94.7,137.0,28.0
21.0,1.0,85.0,150.0,37.8,0.0,0,0,82.5,140.0,38.0
21.0,1.0,55.0,151.0,24.1,0.0,0,0,82.4,122.0,30.0
21.0,1.0,55.0,150.0,24.4,0.0,0,0,95.4,129.0,31.0
21.0,1.0,55.0,145.0,26.2,0.0,0,0,100.8,131.0,35.0
21.0,1.0,60.0,148.0,27.4,0.0,0,0,96.4,129.0,19.0
21.0,1.0,61.0,146.0,28.6,0.0,0,0,94.5,124.0,30.0
21.0,1.0,66.0,145.0,31.4,0.0,0,0,94.0,124.0,36.0
21.0,1.0,60.0,154.0,25.3,0.0,0,0,81.6,127.0,37.0
21.0,1.0,65.0,150.0,28.9,0.0,0,0,89.4,136.0,31.0
22.0,1.0,64.0,148.0,29.2,0.0,0,0,91.8,132.0,21.0
22.0,1.0,60.0,148.0,27.4,0.0,0,0,103.9,125.0,22.0
22.0,1.0,65.0,165.0,23.9,0.0,0,0,96.5,132.0,19.0
22.0,1.0,60.0,148.0,27.4,0.0,0,0,80.0,108.0,18.0
22.0,1.0,60.0,148.0,27.4,0.0,0,0,97.7,136.0,25.0
22.0,1.0,60.0,148.0,27.4,0.0,0,0,91.7,116.0,38.0
22.0,1.0,56.0,156.0,23.0,0.0,0,0,87.4,124.0,24.0
22.0,1.0,61.0,149.0,27.5,0.0,0,0,100.2,120.0,38.0
22.0,1.0,61.0,149.0,27.5,1.0,0,0,103.8,119.0,14.0
22.0,1.0,61.0,149.0,27.5,0.0,0,0,102.9,136.0,24.0
22.0,1.0,65.0,160.0,25.4,0.0,0,0,87.0,124.0,32.0
22.0,1.0,61.0,148.0,27.8,0.0,0,0,92.5,130.0,22.0
22.0,1.0,61.0,148.0,27.8,0.0,0,0,97.9,128.0,15.0
22.0,1.0,61.0,149.0,27.5,0.0,0,0,103.3,131.0,25.0
22.0,1.0,60.0,175.0,19.6,0.0,0,0,87.8,126.0,17.0
22.0,1.0,65.0,148.0,29.7,0.0,0,0,94.3,120.0,17.0
22.0,1.0,65.0,148.0,29.7,0.0,0,0,86.5,136.0,31.0
22.0,1.0,60.0,149.0,27.0,0.0,0,0,84.6,124.0,28.0
22.0,1.0,61.0,165.0,22.4,0.0,0,0,99.9,116.0,32.0
22.0,1.0,61.0,149.0,27.5,0.0,0,0,106.5,125.0,26.0
22.0,1.0,61.0,150.0,27.1,0.0,0,0,94.2,138.0,32.0
22.0,1.0,61.0,151.0,26.8,0.0,0,0,103.3,134.0,30.0
22.0,1.0,60.0,151.0,26.3,0.0,0,0,97.6,125.0,19.0
23.0,1.0,61.0,150.0,27.1,0.0,0,0,89.4,126.0,29.0
23.0,1.0,61.0,145.0,29.0,0.0,0,0,98.7,126.0,37.0
23.0,1.0,61.0,148.0,27.8,0.0,0,0,108.2,143.0,25.0
23.0,1.0,52.0,158.0,20.8,0.0,0,0,92.0,129.0,32.0
23.0,1.0,62.0,149.0,27.9,0.0,0,0,108.5,131.0,18.0
23.0,1.0,62.0,150.0,27.6,0.0,0,0,72.8,136.0,30.0
23.0,1.0,62.0,150.0,27.6,0.0,0,0,102.0,130.0,36.0
23.0,1.0,60.0,180.0,18.5,0.0,0,0,92.1,124.0,14.0
23.0,1.0,85.0,150.0,37.8,0.0,1,1,120.6,138.0,38.0
23.0,1.0,65.0,150.0,28.9,0.0,0,0,96.3,128.0,37.0
23.0,1.0,66.0,151.0,28.9,0.0,0,0,78.7,128.0,36.0
23.0,1.0,60.0,167.0,21.5,0.0,0,0,90.7,132.0,23.0
23.0,1.0,66.0,151.0,28.9,0.0,0,0,98.6,129.0,28.0
23.0,1.0,67.0,151.0,29.4,0.0,0,0,108.3,134.0,36.0
23.0,1.0,67.0,152.0,29.0,0.0,0,0,91.2,128.0,34.0
23.0,1.0,49.0,153.0,20.9,0.0,0,0,85.5,127.0,34.0
23.0,1.0,67.0,153.0,28.6,0.0,0,0,91.2,115.0,24.0
23.0,1.0,67.0,152.0,29.0,0.0,0,0,103.4,135.0,26.0
23.0,1.0,67.0,150.0,29.8,0.0,0,0,98.7,131.0,18.0
23.0,1.0,50.0,150.0,22.2,0.0,0,0,88.4,134.0,14.0
23.0,1.0,68.0,150.0,30.2,0.0,0,0,100.4,109.0,37.0
23.0,1.0,60.0,158.0,24.0,0.0,0,0,94.4,142.0,25.0
23.0,1.0,65.0,152.0,28.1,0.0,0,0,103.5,128.0,24.0
23.0,1.0,67.0,165.0,24.6,0.0,0,0,87.9,135.0,30.0
23.0,1.0,60.0,152.0,26.0,0.0,0,0,91.6,121.0,17.0
23.0,1.0,65.0,168.0,23.0,1.0,0,0,89.9,131.0,28.0
23.0,1.0,63.0,158.0,25.2,0.0,0,0,81.6,120.0,38.0
23.0,1.0,63.0,149.0,28.4,0.0,0,0,97.9,124.0,22.0
23.0,1.0,65.0,168.0,23.0,0.0,0,0,95.4,140.0,34.0
23.0,1.0,63.0,150.0,28.0,1.0,1,1,119.2,135.0,33.0
23.0,1.0,67.0,153.0,28.6,0.0,0,0,93.4,130.0,32.0
23.0,1.0,63.0,153.0,26.9,0.0,0,0,82.7,134.0,32.0
23.0,1.0,63.0,150.0,28.0,0.0,0,0,91.6,132.0,25.0
23.0,1.0,65.0,153.0,27.8,0.0,0,0,92.2,129.0,18.0
24.0,1.0,65.0,153.0,27.8,0.0,0,0,88.3,131.0,23.0
24.0,1.0,65.0,155.0,27.1,0.0,0,0,93.5,145.0,30.0
24.0,1.0,64.0,155.0,26.6,1.0,0,0,98.1,128.0,18.0
24.0,1.0,69.0,150.0,30.7,0.0,0,0,112.3,131.0,35.0
24.0,1.0,65.0,164.0,24.2,0.0,0,0,95.2,135.0,29.0
24.0,1.0,64.0,159.0,25.3,0.0,0,0,96.3,136.0,20.0
24.0,1.0,64.0,149.0,28.8,0.0,0,0,94.9,137.0,22.0
24.0,1.0,66.0,149.0,29.7,0.0,0,0,79.6,134.0,16.0
24.0,1.0,64.0,146.0,30.0,0.0,0,0,95.8,121.0,28.0
25.0,1.0,66.0,159.0,26.1,0.0,0,0,95.0,140.0,29.0
25.0,1.0,67.0,160.0,26.2,0.0,0,0,115.4,121.0,31.0
25.0,1.0,68.0,160.0,26.6,0.0,0,0,93.0,131.0,27.0
25.0,1.0,69.0,160.0,27.0,0.0,0,0,97.4,124.0,16.0
25.0,1.0,66.0,160.0,25.8,0.0,0,0,94.0,128.0,25.0
25.0,1.0,64.0,160.0,25.0,0.0,0,0,84.1,131.0,22.0
26.0,1.0,64.0,160.0,25.0,0.0,0,0,103.7,131.0,20.0
26.0,1.0,64.0,160.0,25.0,0.0,0,0,100.4,132.0,22.0
26.0,1.0,64.0,160.0,25.0,0.0,0,0,100.7,140.0,26.0
26.0,1.0,64.0,160.0,25.0,0.0,0,0,86.3,132.0,31.0
26.0,1.0,64.0,160.0,25.0,0.0,0,0,105.9,127.0,18.0
26.0,1.0,64.0,160.0,25.0,0.0,0,0,82.1,135.0,26.0
27.0,1.0,63.0,160.0,24.6,0.0,0,0,98.8,137.0,17.0
27.0,1.0,63.0,160.0,24.6,0.0,0,0,112.5,120.0,15.0
27.0,1.0,63.0,161.0,24.3,0.0,0,0,85.3,133.0,29.0
27.0,1.0,63.0,161.0,24.3,0.0,0,0,88.9,134.0,22.0
27.0,1.0,63.0,161.0,24.3,0.0,0,0,94.6,127.0,22.0
27.0,1.0,63.0,161.0,24.3,0.0,0,0,89.4,138.0,19.0
27.0,1.0,63.0,161.0,24.3,0.0,0,0,80.5,128.0,24.0
27.0,1.0,63.0,161.0,24.3,0.0,0,0,94.3,130.0,35.0
27.0,1.0,63.0,162.0,24.0,0.0,0,0,84.6,127.0,37.0
27.0,1.0,63.0,162.0,24.0,0.0,0,0,97.6,129.0,35.0
27.0,1.0,60.0,163.0,22.6,0.0,0,0,85.2,121.0,14.0
27.0,1.0,63.0,160.0,24.6,0.0,0,0,107.0,119.0,17.0
27.0,1.0,63.0,159.0,24.9,0.0,0,0,87.3,140.0,26.0
27.0,1.0,65.0,165.0,23.9,0.0,0,0,90.8,123.0,36.0
27.0,1.0,65.0,165.0,23.9,0.0,0,0,100.5,122.0,26.0
28.0,1.0,65.0,150.0,28.9,0.0,0,0,85.1,115.0,26.0
28.0,1.0,65.0,149.0,29.3,0.0,0,0,97.7,126.0,15.0
28.0,1.0,65.0,150.0,28.9,0.0,0,0,106.7,121.0,22.0
28.0,1.0,67.0,159.0,26.5,0.0,0,0,80.9,141.0,37.0
28.0,1.0,67.0,167.0,24.0,0.0,0,0,95.2,136.0,21.0
28.0,1.0,60.0,167.0,21.5,0.0,0,0,94.8,123.0,20.0
30.0,1.0,70.0,160.0,27.3,0.0,0,0,101.6,146.0,17.0
31.0,1.0,69.0,165.0,25.3,0.0,0,0,83.6,137.0,31.0
31.0,1.0,69.0,165.0,25.3,0.0,0,0,82.9,128.0,16.0
31.0,1.0,69.0,165.0,25.3,0.0,0,0,98.6,113.0,19.0
32.0,1.0,69.0,165.0,25.3,0.0,0,0,96.6,147.0,25.0
32.0,1.0,66.0,167.0,23.7,0.0,0,0,95.6,121.0,25.0
33.0,1.0,64.0,170.0,22.1,0.0,0,0,95.8,119.0,34.0
33.0,1.0,64.0,171.0,21.9,0.0,0,0,87.0,137.0,21.0
30.0,1.0,70.0,160.0,27.3,0.0,0,0,96.9,148.0,35.0
30.0,1.0,71.0,168.0,25.2,0.0,0,0,96.6,140.0,35.0
30.0,1.0,71.0,160.0,27.7,0.0,0,0,89.0,135.0,14.0
30.0,1.0,71.0,160.0,27.7,0.0,0,0,110.9,135.0,17.0
30.0,1.0,70.0,160.0,27.3,0.0,0,0,98.9,137.0,34.0
30.0,1.0,69.0,160.0,27.0,0.0,0,0,84.7,136.0,24.0
31.0,1.0,73.0,155.0,30.4,0.0,0,0,101.7,134.0,16.0
30.0,1.0,70.0,152.0,30.3,0.0,0,0,87.8,132.0,26.0
31.0,1.0,71.0,154.0,29.9,0.0,0,0,102.7,131.0,38.0
32.0,1.0,70.0,146.0,32.8,0.0,0,0,107.0,128.0,30.0
32.0,1.0,71.0,145.0,33.8,1.0,1,1,114.5,139.0,35.0
32.0,1.0,70.0,150.0,31.1,0.0,0,0,104.6,121.0,35.0
33.0,1.0,73.0,148.0,33.3,1.0,1,1,124.8,141.0,23.0
33.0,1.0,71.0,150.0,31.6,0.0,0,0,103.6,126.0,34.0
34.0,1.0,69.0,162.0,26.3,0.0,0,0,110.6,124.0,25.0
34.0,1.0,84.0,165.0,30.9,1.0,1,1,118.3,142.0,28.0
34.0,1.0,85.0,165.0,31.2,0.0,0,0,90.1,143.0,34.0
24.0,1.0,70.0,151.0,30.7,0.0,0,0,88.7,136.0,23.0
31.0,1.0,75.0,155.0,31.2,0.0,0,0,89.5,121.0,27.0
31.0,1.0,80.0,160.0,31.3,0.0,0,0,95.9,125.0,26.0
29.0,1.0,65.0,160.0,25.4,0.0,0,0,97.1,136.0,18.0
39.0,1.0,72.0,155.0,30.0,0.0,0,0,98.4,128.0,19.0
39.0,1.0,65.0,155.0,27.1,0.0,0,0,101.9,132.0,37.0
24.0,1.0,95.0,145.0,45.2,0.0,0,0,102.2,138.0,15.0
19.0,1.0,60.0,135.0,32.9,0.0,0,0,109.5,122.0,35.0
24.0,1.0,60.0,148.0,27.4,0.0,0,0,92.7,129.0,30.0
22.0,1.0,55.0,144.0,26.5,0.0,0,0,117.7,118.0,17.0
24.0,1.0,55.0,145.0,26.2,0.0,0,0,99.8,124.0,27.0
29.0,1.0,81.0,170.0,28.0,1.0,1,1,111.9,141.0,23.0
24.0,1.0,65.0,150.0,28.9,0.0,0,0,86.5,118.0,16.0
23.0,1.0,64.0,153.0,27.3,0.0,0,0,99.0,131.0,38.0
23.0,1.0,97.0,155.0,40.4,0.0,1,1,122.3,140.0,16.0
26.0,1.0,73.0,165.0,26.8,1.0,1,1,124.8,141.0,28.0
21.0,1.0,51.0,156.0,21.0,0.0,0,0,96.4,127.0,19.0
35.0,1.0,69.0,157.0,28.0,1.0,0,0,94.6,142.0,30.0
31.0,1.0,85.0,157.0,34.5,0.0,0,0,90.6,134.0,25.0
30.0,1.0,80.0,155.0,33.3,0.0,0,0,84.4,129.0,35.0
19.0,1.0,65.0,158.0,26.0,0.0,0,0,90.6,127.0,33.0
27.0,1.0,80.0,160.0,31.3,0.0,0,0,103.8,135.0,37.0
30.0,1.0,60.0,157.0,24.3,0.0,0,0,95.5,130.0,24.0
17.0,1.0,55.0,160.0,21.5,0.0,0,0,82.0,125.0,38.0
24.0,1.0,70.0,150.0,31.1,0.0,1,1,121.9,133.0,17.0
21.0,1.0,58.0,158.0,23.2,0.0,1,1,120.6,130.0,19.0
24.0,1.0,60.0,160.0,23.4,0.0,0,0,85.8,118.0,14.0
30.0,1.0,90.0,155.0,37.5,1.0,1,1,124.3,154.0,33.0
38.0,1.0,85.0,166.0,30.8,0.0,0,0,96.8,126.0,36.0
30.0,1.0,80.0,154.0,33.7,0.0,0,0,87.8,128.0,29.0
26.0,1.0,70.0,162.0,26.7,0.0,0,0,97.7,124.0,28.0
18.0,1.0,58.0,155.0,24.1,0.0,0,0,98.4,132.0,30.0
25.0,1.0,60.0,169.0,21.0,0.0,0,0,101.6,125.0,21.0
28.0,1.0,80.0,172.0,27.0,0.0,0,0,103.8,139.0,25.0
23.0,2.0,68.0,155.0,28.3,0.0,0,0,83.6,124.0,35.0
23.0,2.0,68.0,155.0,28.3,0.0,0,0,87.3,130.0,34.0
23.0,2.0,66.0,152.0,28.6,0.0,0,0,99.8,123.0,23.0
23.0,2.0,64.0,150.0,28.4,0.0,0,0,99.7,144.0,28.0
23.0,2.0,63.0,153.0,26.9,0.0,0,0,99.1,120.0,22.0
23.0,2.0,63.0,152.0,27.3,0.0,0,0,127.7,130.0,15.0
23.0,2.0,63.0,153.0,26.9,0.0,0,0,99.6,133.0,18.0
23.0,2.0,63.0,150.0,28.0,0.0,0,0,104.9,131.0,19.0
23.0,2.0,63.0,155.0,26.2,0.0,0,0,102.6,127.0,20.0
23.0,2.0,63.0,153.0,26.9,0.0,0,0,100.3,127.0,34.0
23.0,2.0,65.0,168.0,23.0,0.0,0,0,90.5,127.0,38.0
23.0,2.0,65.0,151.0,28.5,0.0,0,0,101.9,128.0,14.0
24.0,2.0,52.0,153.0,22.2,0.0,0,0,86.3,134.0,36.0
24.0,2.0,64.0,156.0,26.3,0.0,0,0,92.5,144.0,20.0
24.0,2.0,64.0,157.0,26.0,0.0,0,0,90.3,124.0,33.0
24.0,2.0,64.0,155.0,26.6,0.0,0,0,95.3,119.0,38.0
24.0,2.0,64.0,155.0,26.6,0.0,0,0,114.3,128.0,25.0
24.0,2.0,64.0,155.0,26.6,0.0,0,0,78.8,146.0,29.0
24.0,2.0,64.0,150.0,28.4,0.0,0,0,101.2,123.0,29.0
24.0,2.0,64.0,150.0,28.4,0.0,0,0,81.7,140.0,24.0
24.0,2.0,60.0,150.0,26.7,0.0,0,0,90.7,140.0,34.0
24.0,2.0,65.0,150.0,28.9,0.0,0,0,104.8,125.0,17.0
24.0,2.0,64.0,159.0,25.3,0.0,0,0,94.7,132.0,26.0
24.0,2.0,64.0,158.0,25.6,0.0,0,0,85.1,139.0,20.0
24.0,2.0,64.0,157.0,26.0,0.0,0,0,88.3,126.0,17.0
24.0,2.0,64.0,159.0,25.3,0.0,0,0,99.9,127.0,28.0
24.0,2.0,64.0,148.0,29.2,0.0,0,0,89.5,125.0,32.0
24.0,2.0,64.0,148.0,29.2,0.0,0,0,97.5,122.0,22.0
24.0,2.0,66.0,149.0,29.7,0.0,0,0,96.3,125.0,24.0
24.0,2.0,64.0,140.0,32.7,1.0,1,1,115.5,130.0,21.0
24.0,2.0,64.0,141.0,32.2,1.0,1,1,139.1,138.0,14.0
24.0,2.0,64.0,149.0,28.8,0.0,0,0,100.9,124.0,36.0
25.0,2.0,65.0,149.0,29.3,0.0,0,0,78.5,131.0,38.0
25.0,2.0,67.0,150.0,29.8,0.0,0,0,97.5,119.0,37.0
25.0,2.0,65.0,155.0,27.1,0.0,0,0,89.2,131.0,21.0
25.0,2.0,64.0,156.0,26.3,0.0,0,0,101.8,134.0,26.0
25.0,2.0,65.0,159.0,25.7,0.0,0,0,87.5,115.0,35.0
25.0,2.0,65.0,175.0,21.2,0.0,0,0,91.5,130.0,17.0
26.0,2.0,64.0,165.0,23.5,0.0,0,0,97.7,137.0,21.0
26.0,2.0,65.0,160.0,25.4,0.0,0,0,101.5,120.0,16.0
27.0,2.0,65.0,155.0,27.1,0.0,0,0,84.6,141.0,22.0
27.0,2.0,63.0,160.0,24.6,0.0,0,0,91.0,132.0,15.0
27.0,2.0,65.0,170.0,22.5,0.0,0,0,89.0,123.0,15.0
27.0,2.0,65.0,180.0,20.1,0.0,0,0,86.5,127.0,26.0
27.0,2.0,64.0,161.0,24.7,0.0,0,0,108.9,133.0,28.0
27.0,2.0,64.0,162.0,24.4,0.0,0,0,97.2,129.0,36.0
27.0,2.0,63.0,150.0,28.0,0.0,0,0,84.5,134.0,25.0
27.0,2.0,64.0,150.0,28.4,0.0,0,0,103.2,124.0,17.0
27.0,2.0,65.0,166.0,23.6,0.0,0,0,111.5,130.0,21.0
28.0,2.0,65.0,165.0,23.9,1.0,0,0,102.3,119.0,22.0
28.0,2.0,65.0,158.0,26.0,0.0,0,0,81.5,129.0,36.0
28.0,2.0,60.0,170.0,20.8,0.0,0,0,88.2,122.0,18.0
28.0,2.0,67.0,170.0,23.2,0.0,0,0,104.0,124.0,37.0
28.0,2.0,67.0,170.0,23.2,0.0,0,0,87.3,137.0,33.0
28.0,2.0,67.0,165.0,24.6,0.0,0,0,97.6,137.0,31.0
29.0,2.0,68.0,172.0,23.0,0.0,0,0,99.8,133.0,24.0
29.0,2.0,67.0,150.0,29.8,0.0,0,0,88.0,123.0,28.0
29.0,2.0,75.0,151.0,32.9,1.0,1,1,120.7,138.0,35.0
29.0,2.0,73.0,153.0,31.2,1.0,1,1,92.9,148.0,22.0
29.0,2.0,68.0,151.0,29.8,0.0,0,0,87.2,132.0,30.0
29.0,2.0,65.0,153.0,27.8,0.0,0,0,93.0,147.0,25.0
29.0,2.0,68.0,152.0,29.4,0.0,0,0,85.2,134.0,20.0
29.0,2.0,68.0,152.0,29.4,0.0,0,0,109.6,132.0,23.0
30.0,2.0,68.0,152.0,29.4,0.0,0,0,83.6,129.0,38.0
30.0,2.0,68.0,150.0,30.2,0.0,0,0,92.3,132.0,38.0
30.0,2.0,68.0,159.0,26.9,0.0,0,0,95.9,130.0,23.0
32.0,2.0,75.0,160.0,29.3,0.0,0,0,108.0,137.0,26.0
31.0,2.0,68.0,150.0,30.2,0.0,0,0,83.9,139.0,32.0
31.0,2.0,68.0,159.0,26.9,0.0,0,0,104.6,125.0,24.0
31.0,2.0,68.0,160.0,26.6,0.0,0,0,94.7,122.0,26.0
32.0,2.0,70.0,167.0,25.1,0.0,0,0,85.7,118.0,34.0
33.0,2.0,82.0,180.0,25.3,0.0,0,0,98.0,135.0,21.0
32.0,2.0,69.0,159.0,27.3,0.0,0,0,96.6,124.0,21.0
32.0,2.0,69.0,166.0,25.0,0.0,0,0,88.9,116.0,17.0
33.0,2.0,83.0,167.0,29.8,0.0,0,0,96.5,135.0,28.0
32.0,2.0,66.0,167.0,23.7,0.0,0,0,90.2,148.0,24.0
32.0,2.0,66.0,168.0,23.4,0.0,0,0,94.3,130.0,24.0
34.0,2.0,85.0,169.0,29.8,0.0,0,0,101.5,139.0,14.0
33.0,2.0,64.0,165.0,23.5,0.0,0,0,106.9,131.0,30.0
34.0,2.0,84.0,160.0,32.8,1.0,1,1,110.6,141.0,28.0
33.0,2.0,69.0,160.0,27.0,0.0,0,0,112.9,138.0,33.0
33.0,2.0,69.0,160.0,27.0,0.0,0,0,78.2,130.0,19.0
33.0,2.0,69.0,155.0,28.7,0.0,0,0,94.2,134.0,37.0
34.0,2.0,68.0,155.0,28.3,0.0,0,0,100.3,135.0,35.0
34.0,2.0,68.0,155.0,28.3,0.0,0,0,97.7,128.0,38.0
34.0,2.0,68.0,155.0,28.3,0.0,0,0,90.0,139.0,28.0
34.0,2.0,68.0,155.0,28.3,0.0,0,0,93.6,131.0,22.0
34.0,2.0,68.0,155.0,28.3,0.0,0,0,91.1,127.0,27.0
34.0,2.0,68.0,155.0,28.3,0.0,0,0,90.3,136.0,31.0
35.0,2.0,70.0,156.0,28.8,0.0,0,0,102.7,127.0,30.0
35.0,2.0,70.0,165.0,25.7,0.0,0,0,97.3,132.0,31.0
35.0,2.0,70.0,160.0,27.3,0.0,0,0,89.0,132.0,18.0
29.0,2.0,70.0,178.0,22.1,0.0,0,0,100.5,136.0,33.0
35.0,2.0,95.0,160.0,37.1,1.0,1,1,125.5,147.0,33.0
35.0,2.0,69.0,165.0,25.3,0.0,0,0,101.0,132.0,22.0
35.0,2.0,68.0,165.0,25.0,0.0,0,0,99.4,137.0,24.0
35.0,2.0,70.0,155.0,29.1,0.0,0,0,88.6,143.0,37.0
35.0,2.0,70.0,165.0,25.7,0.0,0,0,89.5,136.0,35.0
35.0,2.0,70.0,167.0,25.1,0.0,0,0,100.4,132.0,14.0
30.0,2.0,70.0,157.0,28.4,0.0,0,0,100.5,122.0,31.0
30.0,2.0,71.0,168.0,25.2,0.0,0,0,93.9,123.0,19.0
30.0,2.0,71.0,168.0,25.2,0.0,0,0,95.1,128.0,15.0
30.0,2.0,71.0,168.0,25.2,0.0,0,0,104.9,126.0,28.0
30.0,2.0,71.0,178.0,22.4,0.0,0,0,87.9,128.0,34.0
30.0,2.0,69.0,160.0,27.0,0.0,0,0,99.5,131.0,27.0
30.0,2.0,69.0,150.0,30.7,0.0,0,0,94.6,135.0,18.0
30.0,2.0,70.0,155.0,29.1,0.0,0,0,93.8,131.0,19.0
30.0,2.0,69.0,155.0,28.7,0.0,0,0,104.8,135.0,19.0
30.0,2.0,70.0,155.0,29.1,0.0,0,0,102.7,132.0,35.0
30.0,2.0,71.0,150.0,31.6,0.0,0,0,103.6,118.0,31.0
30.0,2.0,79.0,152.0,34.2,1.0,1,1,132.8,134.0,27.0
30.0,2.0,65.0,152.0,28.1,0.0,0,0,95.4,130.0,23.0
30.0,2.0,70.0,154.0,29.5,0.0,0,0,101.6,123.0,27.0
31.0,2.0,70.0,140.0,35.7,0.0,0,0,95.6,138.0,26.0
31.0,2.0,67.0,145.0,31.9,0.0,0,0,99.5,143.0,16.0
31.0,2.0,75.0,156.0,30.8,0.0,0,0,95.2,141.0,19.0
33.0,2.0,68.0,147.0,31.5,0.0,0,0,97.4,132.0,21.0
34.0,2.0,68.0,150.0,30.2,0.0,0,0,101.1,143.0,25.0
33.0,2.0,67.0,160.0,26.2,0.0,0,0,87.5,132.0,26.0
29.0,2.0,75.0,160.0,29.3,0.0,0,0,113.5,129.0,24.0
29.0,2.0,69.0,165.0,25.3,0.0,0,0,85.6,125.0,25.0
31.0,2.0,69.0,145.0,32.8,0.0,0,0,86.8,131.0,14.0
31.0,2.0,69.0,146.0,32.4,0.0,0,0,106.8,130.0,30.0
31.0,2.0,72.0,146.0,33.8,1.0,1,1,128.2,142.0,29.0
32.0,2.0,70.0,146.0,32.8,0.0,0,0,102.4,134.0,24.0
32.0,2.0,70.0,147.0,32.4,1.0,1,1,126.3,141.0,26.0
32.0,2.0,66.0,155.0,27.5,0.0,0,0,94.9,135.0,31.0
33.0,2.0,71.0,150.0,31.6,0.0,0,0,89.0,141.0,24.0
32.0,2.0,72.0,148.0,32.9,0.0,1,1,121.8,148.0,25.0
33.0,2.0,73.0,148.0,33.3,1.0,1,1,115.6,131.0,19.0
33.0,2.0,73.0,149.0,32.9,1.0,1,1,129.4,124.0,22.0
33.0,2.0,73.0,148.0,33.3,1.0,1,1,120.1,148.0,29.0
32.0,2.0,70.0,148.0,32.0,0.0,0,0,89.8,123.0,17.0
32.0,2.0,80.0,155.0,33.3,1.0,1,1,118.6,140.0,16.0
33.0,2.0,71.0,150.0,31.6,0.0,0,0,100.1,125.0,29.0
34.0,2.0,83.0,157.0,33.7,1.0,1,1,116.7,129.0,37.0
34.0,2.0,71.0,150.0,31.6,0.0,0,0,89.7,137.0,38.0
34.0,2.0,71.0,150.0,31.6,1.0,1,1,122.7,147.0,25.0
34.0,2.0,71.0,150.0,31.6,1.0,1,1,122.7,137.0,24.0
33.0,2.0,84.0,164.0,31.2,0.0,0,0,92.2,115.0,18.0
34.0,2.0,71.0,150.0,31.6,1.0,1,1,116.6,138.0,38.0
34.0,2.0,71.0,151.0,31.1,0.0,0,0,98.4,136.0,31.0
34.0,2.0,71.0,150.0,31.6,1.0,1,1,108.3,131.0,32.0
34.0,2.0,70.0,155.0,29.1,0.0,0,0,83.7,134.0,36.0
34.0,2.0,70.0,159.0,27.7,0.0,0,0,89.0,132.0,36.0
34.0,2.0,68.0,159.0,26.9,0.0,0,0,92.9,136.0,19.0
34.0,2.0,66.0,160.0,25.8,0.0,0,0,97.0,132.0,35.0
34.0,2.0,80.0,165.0,29.4,0.0,1,1,132.3,134.0,31.0
33.0,2.0,73.0,154.0,30.8,0.0,0,0,103.6,141.0,19.0
33.0,2.0,73.0,154.0,30.8,0.0,0,0,95.0,132.0,17.0
33.0,2.0,73.0,154.0,30.8,0.0,0,0,96.2,133.0,25.0
35.0,2.0,73.0,154.0,30.8,0.0,0,0,87.8,127.0,32.0
35.0,2.0,73.0,155.0,30.4,0.0,0,0,96.0,130.0,15.0
35.0,2.0,73.0,153.0,31.2,0.0,0,0,94.0,127.0,30.0
35.0,2.0,77.0,165.0,28.3,0.0,0,0,98.1,132.0,24.0
35.0,2.0,77.0,150.0,34.2,0.0,1,1,114.6,154.0,24.0
33.0,2.0,78.0,157.0,31.6,0.0,0,0,101.1,123.0,34.0
26.0,2.0,78.0,149.0,35.1,1.0,1,1,135.1,128.0,29.0
26.0,2.0,79.0,149.0,35.6,1.0,1,1,121.3,150.0,15.0
26.0,2.0,79.0,149.0,35.6,1.0,1,1,125.7,138.0,15.0
26.0,2.0,79.0,148.0,36.1,1.0,1,1,128.3,135.0,36.0
28.0,2.0,67.0,160.0,26.2,0.0,0,0,91.1,137.0,21.0
28.0,2.0,65.0,160.0,25.4,0.0,0,0,96.1,125.0,26.0
28.0,2.0,70.0,160.0,27.3,0.0,0,0,95.0,143.0,23.0
28.0,2.0,78.0,160.0,30.5,0.0,0,0,97.0,136.0,21.0
30.0,2.0,79.0,160.0,30.9,0.0,0,0,89.8,128.0,17.0
30.0,2.0,75.0,160.0,29.3,0.0,0,0,95.9,146.0,28.0
29.0,2.0,77.0,160.0,30.1,0.0,0,0,100.3,127.0,14.0
29.0,2.0,77.0,160.0,30.1,0.0,0,0,108.4,136.0,24.0
35.0,2.0,69.0,158.0,27.6,0.0,0,0,103.2,135.0,20.0
36.0,2.0,70.0,155.0,29.1,0.0,0,0,113.9,142.0,30.0
36.0,2.0,71.0,155.0,29.6,0.0,0,0,89.3,144.0,33.0
36.0,2.0,70.0,155.0,29.1,0.0,0,0,103.1,134.0,37.0
36.0,2.0,70.0,151.0,30.7,0.0,0,0,97.8,129.0,31.0
36.0,2.0,70.0,151.0,30.7,0.0,0,0,114.9,137.0,35.0
36.0,2.0,70.0,151.0,30.7,0.0,0,0,89.4,129.0,35.0
36.0,2.0,70.0,151.0,30.7,0.0,0,0,89.1,148.0,25.0
36.0,2.0,70.0,151.0,30.7,0.0,0,0,91.2,135.0,22.0
27.0,2.0,71.0,151.0,31.1,0.0,0,0,78.4,128.0,18.0
27.0,2.0,62.0,152.0,26.8,0.0,0,0,90.3,131.0,23.0
34.0,2.0,62.0,152.0,26.8,0.0,0,0,88.3,123.0,17.0
37.0,2.0,71.0,154.0,29.9,0.0,0,0,97.2,127.0,18.0
31.0,2.0,68.0,160.0,26.6,0.0,0,0,97.5,139.0,23.0
32.0,2.0,75.0,160.0,29.3,0.0,0,0,111.7,127.0,24.0
37.0,2.0,67.0,160.0,26.2,0.0,0,0,102.6,125.0,34.0
37.0,2.0,71.0,165.0,26.1,0.0,0,0,89.5,137.0,37.0
37.0,2.0,70.0,160.0,27.3,0.0,0,0,87.3,141.0,23.0
37.0,2.0,70.0,160.0,27.3,0.0,0,0,99.1,138.0,21.0
37.0,2.0,70.0,160.0,27.3,0.0,0,0,83.7,140.0,15.0
39.0,2.0,75.0,155.0,31.2,0.0,0,0,112.0,130.0,36.0
40.0,2.0,62.0,156.0,25.5,0.0,0,0,104.2,124.0,21.0
40.0,2.0,69.0,150.0,30.7,0.0,0,0,92.3,146.0,29.0
44.0,2.0,82.0,150.0,36.4,1.0,1,1,108.0,144.0,35.0
44.0,2.0,82.0,158.0,32.8,0.0,0,0,108.6,135.0,18.0
45.0,2.0,85.0,158.0,34.0,1.0,1,1,120.6,155.0,38.0
25.0,2.0,89.0,145.0,42.3,0.0,1,1,135.4,145.0,16.0
26.0,2.0,55.0,145.0,26.2,0.0,0,0,80.9,132.0,25.0
24.0,2.0,60.0,154.0,25.3,0.0,0,0,89.0,143.0,26.0
32.0,2.0,79.0,169.0,27.7,1.0,0,0,95.1,127.0,26.0
35.0,2.0,50.0,146.0,23.5,1.0,1,1,117.8,146.0,23.0
35.0,2.0,82.0,164.0,30.5,1.0,1,1,116.4,142.0,17.0
30.0,2.0,80.0,157.0,32.5,0.0,0,0,102.3,134.0,22.0
43.0,2.0,75.0,153.0,32.0,1.0,1,1,111.7,155.0,35.0
30.0,2.0,70.0,154.0,29.5,0.0,0,0,94.6,135.0,37.0
30.0,2.0,60.0,158.0,24.0,0.0,0,0,94.6,133.0,36.0
30.0,2.0,75.0,165.0,27.5,0.0,0,0,99.4,138.0,15.0
24.0,2.0,70.0,155.0,29.1,0.0,0,0,101.7,127.0,32.0
25.0,2.0,85.0,164.0,31.6,0.0,0,0,87.1,124.0,14.0
25.0,2.0,60.0,148.0,27.4,0.0,0,0,81.9,122.0,38.0
20.0,2.0,85.0,166.0,30.8,0.0,0,0,107.2,114.0,20.0
22.0,2.0,70.0,166.0,25.4,0.0,0,0,97.0,142.0,30.0
22.0,2.0,80.0,162.0,30.5,0.0,0,0,89.8,121.0,16.0
27.0,2.0,58.0,156.0,23.8,0.0,0,0,106.7,127.0,33.0
23.0,2.0,80.0,162.0,30.5,0.0,0,0,97.2,127.0,33.0
34.0,3.0,78.0,157.0,31.6,1.0,1,1,130.7,144.0,34.0
34.0,3.0,78.0,157.0,31.6,1.0,1,1,121.2,147.0,16.0
36.0,3.0,88.0,165.0,32.3,1.0,1,1,138.4,148.0,16.0
33.0,3.0,71.0,149.0,32.0,0.0,0,0,111.7,129.0,30.0
33.0,3.0,71.0,149.0,32.0,0.0,0,0,94.7,132.0,20.0
34.0,3.0,71.0,150.0,31.6,0.0,0,0,104.9,135.0,27.0
33.0,3.0,84.0,155.0,35.0,1.0,1,1,127.5,140.0,30.0
33.0,3.0,82.0,160.0,32.0,0.0,1,1,132.4,152.0,31.0
34.0,3.0,70.0,160.0,27.3,0.0,0,0,86.7,136.0,26.0
34.0,3.0,73.0,161.0,28.2,0.0,0,0,101.1,138.0,33.0
34.0,3.0,80.0,162.0,30.5,0.0,0,0,105.2,138.0,33.0
34.0,3.0,76.0,162.0,29.0,0.0,0,0,80.7,141.0,34.0
34.0,3.0,70.0,160.0,27.3,0.0,0,0,84.9,133.0,31.0
34.0,3.0,70.0,160.0,27.3,0.0,0,0,77.6,123.0,17.0
34.0,3.0,70.0,150.0,31.1,0.0,0,0,94.2,136.0,14.0
34.0,3.0,80.0,165.0,29.4,0.0,1,1,125.9,136.0,31.0
34.0,3.0,80.0,165.0,29.4,0.0,1,1,132.5,137.0,14.0
35.0,3.0,76.0,156.0,31.2,0.0,0,0,97.1,138.0,26.0
35.0,3.0,72.0,156.0,29.6,0.0,0,0,109.7,142.0,33.0
35.0,3.0,72.0,156.0,29.6,0.0,0,0,84.1,133.0,33.0
35.0,3.0,72.0,156.0,29.6,0.0,0,0,81.4,135.0,36.0
34.0,3.0,78.0,150.0,34.7,1.0,1,1,121.4,154.0,23.0
35.0,3.0,77.0,156.0,31.6,0.0,0,0,99.9,135.0,24.0
35.0,3.0,77.0,157.0,31.2,0.0,0,0,96.2,152.0,22.0
35.0,3.0,67.0,157.0,27.2,0.0,0,0,77.3,136.0,22.0
34.0,3.0,84.0,150.0,37.3,1.0,1,1,122.2,131.0,18.0
35.0,3.0,78.0,157.0,31.6,0.0,0,0,85.6,139.0,14.0
27.0,3.0,80.0,149.0,36.0,1.0,1,1,128.1,143.0,30.0
27.0,3.0,80.0,160.0,31.3,0.0,0,0,99.6,140.0,35.0
27.0,3.0,80.0,160.0,31.3,0.0,0,0,88.5,136.0,15.0
34.0,3.0,80.0,160.0,31.3,0.0,0,0,92.2,132.0,37.0
34.0,3.0,78.0,157.0,31.6,0.0,1,1,111.6,133.0,26.0
34.0,3.0,84.0,152.0,36.4,1.0,1,1,122.0,141.0,22.0
29.0,3.0,76.0,160.0,29.7,0.0,0,0,104.0,125.0,17.0
34.0,3.0,78.0,160.0,30.5,0.0,0,0,87.8,129.0,18.0
29.0,3.0,78.0,157.0,31.6,0.0,0,0,100.9,136.0,24.0
29.0,3.0,78.0,158.0,31.2,0.0,0,0,92.0,143.0,37.0
28.0,3.0,77.0,158.0,30.8,0.0,1,1,113.6,142.0,32.0
35.0,3.0,85.0,170.0,29.4,0.0,1,1,118.9,133.0,34.0
35.0,3.0,87.0,175.0,28.4,0.0,1,1,110.6,144.0,16.0
36.0,3.0,71.0,155.0,29.6,0.0,0,0,91.1,142.0,25.0
36.0,3.0,70.0,155.0,29.1,0.0,1,1,109.5,137.0,32.0
36.0,3.0,73.0,155.0,30.4,0.0,1,1,136.9,141.0,32.0
35.0,3.0,78.0,155.0,32.5,1.0,1,1,121.3,142.0,26.0
35.0,3.0,88.0,154.0,37.1,1.0,1,1,116.9,138.0,20.0
27.0,3.0,72.0,151.0,31.6,0.0,0,0,98.5,135.0,28.0
27.0,3.0,67.0,152.0,29.0,0.0,0,0,94.6,129.0,36.0
36.0,3.0,80.0,156.0,32.9,0.0,1,1,119.3,145.0,20.0
36.0,3.0,67.0,152.0,29.0,0.0,0,0,100.8,127.0,21.0
36.0,3.0,68.0,152.0,29.4,0.0,1,1,126.2,138.0,18.0
36.0,3.0,68.0,152.0,29.4,0.0,1,1,115.3,146.0,34.0
36.0,3.0,88.0,155.0,36.6,1.0,1,1,117.7,141.0,27.0
36.0,3.0,67.0,153.0,28.6,0.0,0,0,93.1,145.0,17.0
37.0,3.0,90.0,150.0,40.0,1.0,1,1,104.4,142.0,36.0
36.0,3.0,80.0,153.0,34.2,1.0,1,1,108.8,144.0,23.0
37.0,3.0,92.0,167.0,33.0,1.0,1,1,132.8,149.0,33.0
37.0,3.0,90.0,148.0,41.1,1.0,1,1,138.4,135.0,28.0
37.0,3.0,91.0,158.0,36.5,1.0,0,0,96.5,124.0,31.0
37.0,3.0,72.0,160.0,28.1,0.0,1,1,124.1,131.0,33.0
37.0,3.0,72.0,160.0,28.1,0.0,0,0,97.9,142.0,26.0
37.0,3.0,75.0,160.0,29.3,0.0,0,0,121.9,130.0,21.0
38.0,3.0,98.0,165.0,36.0,1.0,1,1,131.9,162.0,22.0
39.0,3.0,72.0,155.0,30.0,0.0,0,0,94.9,131.0,29.0
40.0,3.0,98.0,158.0,39.3,1.0,1,1,115.6,147.0,32.0
40.0,3.0,79.0,155.0,32.9,1.0,1,1,107.5,155.0,29.0
40.0,3.0,79.0,165.0,29.0,0.0,0,0,97.3,149.0,20.0
40.0,3.0,75.0,156.0,30.8,0.0,0,0,89.9,150.0,27.0
41.0,3.0,93.0,160.0,36.3,1.0,0,0,86.4,146.0,27.0
41.0,3.0,94.0,160.0,36.7,1.0,1,1,117.2,153.0,38.0
41.0,3.0,77.0,155.0,32.0,0.0,0,0,87.6,140.0,17.0
41.0,3.0,71.0,155.0,29.6,0.0,0,0,110.2,141.0,28.0
31.0,3.0,71.0,155.0,29.6,0.0,0,0,103.3,128.0,16.0
41.0,3.0,95.0,160.0,37.1,1.0,1,1,122.8,140.0,18.0
41.0,3.0,77.0,155.0,32.0,0.0,0,0,109.4,136.0,14.0
41.0,3.0,70.0,155.0,29.1,0.0,0,0,96.3,134.0,16.0
41.0,3.0,62.0,155.0,25.8,0.0,0,0,87.0,131.0,28.0
44.0,3.0,88.0,155.0,36.6,1.0,1,1,135.6,151.0,37.0
44.0,3.0,76.0,154.0,32.0,0.0,0,0,101.4,144.0,21.0
40.0,3.0,87.0,165.0,32.0,0.0,0,0,88.0,136.0,17.0
40.0,3.0,82.0,167.0,29.4,0.0,0,0,94.1,145.0,15.0
40.0,3.0,82.0,169.0,28.7,0.0,0,0,88.0,127.0,37.0
39.0,3.0,74.0,155.0,30.8,0.0,0,0,84.6,134.0,37.0
45.0,3.0,81.0,160.0,31.6,0.0,1,1,128.5,140.0,23.0
45.0,3.0,79.0,165.0,29.0,0.0,0,0,111.8,123.0,17.0
27.0,3.0,90.0,145.0,42.8,0.0,0,0,89.2,134.0,16.0
32.0,3.0,58.0,145.0,27.6,0.0,0,0,99.8,131.0,15.0
25.0,3.0,60.0,150.0,26.7,0.0,0,0,89.1,139.0,38.0
24.0,3.0,76.0,162.0,29.0,0.0,0,0,91.5,134.0,30.0
23.0,3.0,77.0,165.0,28.3,0.0,0,0,90.3,121.0,36.0
24.0,3.0,75.0,156.0,30.8,0.0,0,0,89.0,143.0,34.0
30.0,3.0,76.0,166.0,27.6,0.0,0,0,95.5,139.0,37.0
31.0,3.0,70.0,160.0,27.3,0.0,1,1,111.9,143.0,33.0
36.0,3.0,88.0,154.0,37.1,0.0,0,0,101.1,134.0,36.0
34.0,3.0,75.0,163.0,28.2,1.0,0,0,94.9,126.0,26.0
27.0,3.0,80.0,171.0,27.4,0.0,0,0,92.9,127.0,18.0
27.0,3.0,90.0,169.0,31.5,0.0,0,0,88.9,139.0,34.0
28.0,3.0,59.0,165.0,21.7,0.0,0,0,87.8,142.0,22.0
26.0,3.0,71.0,161.0,27.4,1.0,1,1,125.4,148.0,38.0
40.0,3.0,97.0,159.0,38.4,0.0,0,0,103.6,134.0,38.0
30.0,3.0,58.0,154.0,24.5,0.0,0,0,85.5,122.0,35.0
25.0,3.0,65.0,164.0,24.2,1.0,1,1,118.5,137.0,19.0
30.0,4.0,78.0,160.0,30.5,0.0,0,0,102.6,119.0,18.0
34.0,4.0,85.0,155.0,35.4,1.0,1,1,108.0,145.0,38.0
34.0,4.0,84.0,150.0,37.3,1.0,1,1,127.5,142.0,23.0
34.0,4.0,84.0,172.0,28.4,0.0,0,0,89.7,129.0,21.0
35.0,4.0,78.0,157.0,31.6,0.0,1,1,125.5,131.0,20.0
35.0,4.0,90.0,160.0,35.2,1.0,1,1,115.6,146.0,20.0
36.0,4.0,75.0,153.0,32.0,0.0,1,1,105.5,138.0,19.0
37.0,4.0,90.0,148.0,41.1,1.0,1,1,110.6,137.0,34.0
37.0,4.0,92.0,152.0,39.8,1.0,1,1,124.3,125.0,33.0
37.0,4.0,79.0,160.0,30.9,0.0,1,1,122.6,142.0,16.0
37.0,4.0,75.0,165.0,27.5,0.0,0,0,87.3,146.0,32.0
38.0,4.0,80.0,161.0,30.9,0.0,0,0,101.8,146.0,35.0
38.0,4.0,80.0,160.0,31.3,0.0,0,0,82.4,131.0,28.0
38.0,4.0,71.0,160.0,27.7,0.0,0,0,94.5,129.0,17.0
39.0,4.0,93.0,175.0,30.4,0.0,1,1,109.9,146.0,25.0
38.0,4.0,80.0,155.0,33.3,1.0,1,1,115.8,136.0,19.0
38.0,4.0,69.0,155.0,28.7,0.0,0,0,95.9,136.0,32.0
39.0,4.0,65.0,155.0,27.1,0.0,0,0,87.5,139.0,17.0
39.0,4.0,88.0,164.0,32.7,0.0,1,1,117.8,152.0,28.0
39.0,4.0,79.0,155.0,32.9,0.0,0,0,105.7,135.0,22.0
39.0,4.0,81.0,155.0,33.7,1.0,1,1,116.6,142.0,18.0
40.0,4.0,71.0,149.0,32.0,0.0,0,0,103.9,129.0,26.0
41.0,4.0,73.0,155.0,30.4,0.0,0,0,86.6,130.0,36.0
44.0,4.0,80.0,154.0,33.7,1.0,1,1,126.0,144.0,31.0
44.0,4.0,80.0,156.0,32.9,1.0,1,1,133.4,148.0,18.0
41.0,4.0,80.0,160.0,31.3,0.0,0,0,75.5,142.0,38.0
42.0,4.0,87.0,155.0,36.2,1.0,1,1,115.7,140.0,29.0
44.0,4.0,88.0,160.0,34.4,1.0,0,0,102.7,148.0,32.0
35.0,4.0,75.0,155.0,31.2,1.0,0,0,94.8,132.0,27.0
44.0,4.0,94.0,156.0,38.6,0.0,0,0,102.6,139.0,38.0
39.0,4.0,95.0,169.0,33.3,0.0,0,0,92.2,130.0,29.0
32.0,4.0,80.0,162.0,30.5,1.0,1,1,120.9,123.0,28.0
31.0,4.0,89.0,159.0,35.2,0.0,1,1,120.8,148.0,35.0
40.0,4.0,85.0,160.0,33.2,0.0,0,0,107.2,141.0,17.0
26.0,4.0,60.0,166.0,21.8,0.0,0,0,94.9,126.0,20.0
36.0,4.0,84.0,156.0,34.5,0.0,0,0,100.7,135.0,29.0
36.0,4.0,85.0,160.0,33.2,0.0,0,0,93.8,138.0,37.0
36.0,4.0,70.0,165.0,25.7,0.0,0,0,90.1,121.0,35.0
32.0,4.0,75.0,165.0,27.5,0.0,0,0,91.3,128.0,34.0
26.0,4.0,84.0,150.0,37.3,0.0,0,0,102.3,138.0,35.0
36.0,5.0,76.0,153.0,32.5,0.0,1,1,117.4,134.0,34.0
37.0,5.0,75.0,150.0,33.3,0.0,1,1,123.8,145.0,21.0
37.0,5.0,81.0,150.0,36.0,1.0,1,1,140.0,134.0,30.0
37.0,5.0,90.0,152.0,39.0,1.0,1,1,131.0,148.0,29.0
39.0,5.0,81.0,150.0,36.0,1.0,0,0,95.6,136.0,36.0
45.0,5.0,95.0,162.0,36.2,1.0,1,1,132.7,135.0,23.0
41.0,5.0,81.0,155.0,33.7,0.0,0,0,94.0,145.0,23.0
45.0,5.0,94.0,160.0,36.7,1.0,0,0,81.4,134.0,15.0
45.0,5.0,95.0,161.0,36.6,1.0,1,1,114.1,141.0,22.0
41.0,5.0,88.0,164.0,32.7,0.0,1,1,105.2,146.0,30.0
41.0,5.0,87.0,164.0,32.3,0.0,1,1,117.9,152.0,24.0
41.0,5.0,80.0,164.0,29.7,0.0,0,0,96.0,128.0,23.0
41.0,5.0,80.0,164.0,29.7,0.0,0,0,110.1,136.0,35.0
41.0,5.0,81.0,155.0,33.7,1.0,1,1,124.3,147.0,38.0
41.0,5.0,81.0,163.0,30.5,0.0,0,0,94.3,140.0,30.0
39.0,5.0,85.0,150.0,37.8,1.0,1,1,130.2,146.0,17.0
45.0,5.0,91.0,150.0,40.4,1.0,1,1,105.4,145.0,29.0
45.0,5.0,90.0,165.0,33.1,1.0,0,0,99.2,132.0,33.0
45.0,5.0,90.0,150.0,40.0,0.0,1,1,130.6,148.0,28.0
36.0,5.0,99.0,135.0,54.3,1.0,1,1,117.2,141.0,38.0
37.0,5.0,80.0,161.0,30.9,1.0,1,1,130.1,122.0,34.0
38.0,5.0,105.0,162.0,40.0,1.0,1,1,126.9,148.0,18.0
45.0,5.0,79.0,147.0,36.6,0.0,1,1,119.1,153.0,19.0
38.0,5.0,68.0,148.0,31.0,0.0,0,0,101.8,118.0,30.0
41.0,5.0,90.0,162.0,34.3,0.0,0,0,117.0,130.0,14.0
36.0,6.0,80.0,153.0,34.2,1.0,1,1,123.2,147.0,38.0
39.0,6.0,88.0,159.0,34.8,1.0,1,1,124.0,158.0,32.0
39.0,6.0,90.0,159.0,35.6,1.0,0,0,94.3,136.0,17.0
40.0,6.0,90.0,157.0,36.5,1.0,1,1,115.4,140.0,30.0
43.0,6.0,78.0,150.0,34.7,1.0,1,1,128.9,144.0,22.0
44.0,6.0,81.0,165.0,29.8,0.0,0,0,88.6,146.0,37.0
40.0,6.0,88.0,157.0,35.7,1.0,1,1,122.9,140.0,15.0
45.0,6.0,92.0,155.0,38.3,1.0,1,1,119.3,142.0,21.0
43.0,6.0,88.0,150.0,39.1,1.0,1,1,127.7,143.0,28.0
43.0,6.0,87.0,148.0,39.7,1.0,0,0,102.7,132.0,20.0
42.0,6.0,85.0,150.0,37.8,0.0,1,1,131.9,147.0,19.0
35.0,6.0,76.0,161.0,29.3,1.0,0,0,91.4,144.0,14.0
36.0,6.0,115.0,158.0,46.1,0.0,0,0,100.1,141.0,28.0
41.0,6.0,90.0,159.0,35.6,1.0,0,0,89.9,135.0,36.0
43.0,6.0,99.0,164.0,36.8,0.0,0,0,94.9,136.0,20.0
37.0,7.0,83.0,165.0,30.5,0.0,0,0,99.4,123.0,38.0
44.0,7.0,91.0,155.0,37.9,1.0,1,1,129.6,153.0,30.0
44.0,7.0,84.0,169.0,29.4,0.0,0,0,87.9,136.0,15.0
43.0,7.0,87.0,170.0,30.1,0.0,0,0,103.4,135.0,22.0
41.0,7.0,89.0,165.0,32.7,0.0,0,0,108.6,159.0,22.0
43.0,7.0,89.0,150.0,39.6,1.0,1,1,127.4,149.0,26.0
44.0,7.0,91.0,155.0,37.9,1.0,1,1,139.1,142.0,19.0
45.0,7.0,85.0,147.0,39.3,0.0,1,1,117.1,145.0,19.0
35.0,7.0,70.0,167.0,25.1,1.0,0,0,83.5,140.0,33.0
44.0,8.0,90.0,167.0,32.3,0.0,1,1,105.8,146.0,33.0
45.0,8.0,90.0,167.0,32.3,0.0,1,1,133.6,135.0,34.0
40.0,8.0,90.0,158.0,36.1,1.0,1,1,128.0,151.0,16.0
37.0,8.0,87.0,144.0,42.0,1.0,1,1,124.3,141.0,30.0
44.0,9.0,92.0,155.0,38.3,1.0,1,1,125.7,160.0,30.0
45.0,9.0,93.0,160.0,36.3,1.0,0,0,89.0,146.0,25.0
40.0,9.0,126.0,160.0,49.2,0.0,0,0,124.5,138.0,29.0
28.0,2.0,80.0,165.0,29.4,0.0,0,0,96.9,140.0,28.0
27.0,1.0,50.0,161.0,19.3,0.0,0,0,92.6,128.0,26.0
23.0,1.0,76.0,160.0,29.7,1.0,0,0,102.0,135.0,36.0
22.0,1.0,65.0,159.0,25.7,0.0,0,0,98.4,131.0,14.0
30.0,3.0,74.0,165.0,27.2,0.0,0,0,96.8,125.0,30.0
20.0,2.0,58.0,160.0,22.7,1.0,0,0,86.4,121.0,16.0
30.0,4.0,60.0,168.0,21.3,0.0,0,0,96.5,136.0,28.0
32.0,4.0,80.0,165.0,29.4,1.0,1,1,135.8,138.0,17.0
36.0,6.0,105.0,166.0,38.1,0.0,0,0,110.7,133.0,17.0
30.0,3.0,70.0,166.0,25.4,1.0,0,0,107.7,123.0,31.0
29.0,2.0,65.0,168.0,23.0,0.0,0,0,88.9,132.0,30.0
30.0,5.0,88.0,172.0,29.7,0.0,0,0,87.5,146.0,32.0
33.0,4.0,63.0,150.0,28.0,0.0,0,0,94.1,124.0,24.0
37.0,4.0,70.0,165.0,25.7,0.0,0,0,94.8,133.0,33.0
32.0,2.0,69.0,154.0,29.1,0.0,1,1,128.9,150.0,16.0
36.0,4.0,95.0,168.0,33.7,0.0,0,0,83.1,134.0,21.0
24.0,1.0,58.0,164.0,21.6,0.0,0,0,105.6,130.0,27.0
32.0,3.0,60.0,165.0,22.0,0.0,1,1,115.5,130.0,14.0
40.0,4.0,108.0,171.0,36.9,0.0,0,0,95.1,140.0,27.0
23.0,2.0,60.0,162.0,22.9,0.0,0,0,84.6,126.0,15.0
35.0,2.0,77.0,165.0,28.3,0.0,1,1,105.3,148.0,36.0
30.0,3.0,65.0,156.0,26.7,1.0,0,0,101.7,139.0,17.0
34.0,1.0,70.0,175.0,22.9,0.0,0,0,93.8,149.0,37.0
25.0,1.0,80.0,160.0,31.3,0.0,0,0,85.6,134.0,32.0
41.0,3.0,65.0,156.0,26.7,0.0,0,0,83.7,137.0,19.0
40.0,2.0,75.0,160.0,29.3,1.0,0,0,92.9,136.0,38.0
19.0,1.0,60.0,153.0,25.6,0.0,1,1,132.4,132.0,14.0
20.0,2.0,76.0,170.0,26.3,1.0,0,0,92.3,129.0,30.0
25.0,1.0,60.0,155.0,25.0,0.0,0,0,81.2,126.0,21.0
25.0,1.0,62.0,166.0,22.5,0.0,0,0,90.9,129.0,32.0
43.0,5.0,90.0,168.0,31.9,0.0,0,0,94.4,146.0,34.0
17.0,1.0,69.0,165.0,25.3,0.0,0,0,71.2,118.0,14.0
20.0,2.0,69.0,177.0,22.0,0.0,0,0,92.3,134.0,18.0
22.0,1.0,65.0,168.0,23.0,0.0,0,0,91.2,136.0,29.0
33.0,3.0,70.0,167.0,25.1,1.0,0,0,100.0,130.0,19.0
29.0,1.0,60.0,167.0,21.5,1.0,0,0,108.3,114.0,21.0
38.0,1.0,91.0,171.0,31.1,0.0,0,0,106.0,130.0,26.0
31.0,3.0,71.0,164.0,26.4,0.0,0,0,92.3,140.0,29.0
22.0,2.0,80.0,171.0,27.4,0.0,0,0,85.6,128.0,16.0
35.0,3.0,67.0,167.0,24.0,0.0,0,0,115.5,124.0,32.0
23.0,2.0,78.0,174.0,25.8,0.0,0,0,94.8,124.0,25.0
26.0,2.0,63.0,172.0,21.3,0.0,0,0,92.6,133.0,29.0
28.0,2.0,70.0,175.0,22.9,1.0,1,1,117.0,140.0,24.0
33.0,3.0,70.0,169.0,24.5,1.0,1,1,119.5,137.0,23.0
31.0,4.0,65.0,170.0,22.5,0.0,0,0,91.8,127.0,38.0
37.0,2.0,70.0,169.0,24.5,0.0,0,0,88.9,130.0,33.0
31.0,4.0,65.0,168.0,23.0,0.0,0,0,88.6,123.0,17.0
34.0,4.0,67.0,169.0,23.5,0.0,0,0,93.1,142.0,25.0
23.0,1.0,80.0,170.0,27.7,0.0,1,1,114.5,134.0,36.0
17.0,1.0,60.0,168.0,21.3,0.0,0,0,86.5,133.0,15.0
22.0,1.0,82.0,170.0,28.4,0.0,0,0,96.3,139.0,37.0
37.0,4.0,62.0,153.0,26.5,0.0,0,0,92.4,140.0,35.0
24.0,3.0,75.0,156.0,30.8,0.0,0,0,109.1,127.0,32.0
38.0,6.0,85.0,164.0,31.6,0.0,1,1,98.1,146.0,38.0
17.0,1.0,60.0,158.0,24.0,1.0,1,1,126.9,133.0,18.0
22.0,3.0,78.0,156.0,32.1,1.0,0,0,107.4,123.0,21.0
34.0,4.0,81.0,196.0,21.1,0.0,0,0,74.8,133.0,20.0
21.0,1.0,65.0,159.0,25.7,0.0,0,0,91.4,119.0,27.0
28.0,4.0,70.0,167.0,25.1,0.0,0,0,90.9,138.0,37.0
31.0,2.0,75.0,166.0,27.2,1.0,1,1,106.9,136.0,36.0
30.0,1.0,81.0,164.0,30.1,0.0,0,0,89.4,133.0,16.0
31.0,3.0,60.0,156.0,24.7,0.0,0,0,84.4,132.0,31.0
39.0,4.0,110.0,167.0,39.4,1.0,1,1,138.7,144.0,29.0
39.0,4.0,65.0,158.0,26.0,0.0,0,0,102.4,138.0,36.0
28.0,4.0,78.0,157.0,31.6,0.0,1,1,131.4,136.0,32.0
20.0,2.0,94.0,174.0,31.0,1.0,0,0,102.5,134.0,32.0
30.0,2.0,63.0,164.0,23.4,0.0,0,0,83.8,120.0,31.0
21.0,2.0,72.0,155.0,30.0,0.0,1,1,115.5,137.0,33.0
27.0,1.0,65.0,156.0,26.7,0.0,0,0,98.8,143.0,29.0
23.0,2.0,60.0,156.0,24.7,0.0,0,0,83.5,120.0,21.0
20.0,1.0,63.0,164.0,23.4,0.0,0,0,99.4,121.0,14.0
22.0,3.0,71.0,165.0,26.1,0.0,0,0,92.4,131.0,30.0
26.0,4.0,68.0,161.0,26.2,0.0,1,1,115.3,138.0,25.0
30.0,6.0,96.0,164.0,35.7,0.0,0,0,104.3,136.0,34.0
37.0,4.0,82.0,155.0,34.1,0.0,0,0,101.4,139.0,24.0
20.0,2.0,56.0,150.0,24.9,0.0,0,0,90.9,131.0,18.0
32.0,1.0,70.0,160.0,27.3,0.0,1,1,128.8,147.0,25.0
19.0,2.0,115.0,160.0,44.9,1.0,1,1,116.8,143.0,30.0
22.0,1.0,82.0,159.0,32.4,1.0,1,1,126.2,136.0,19.0
30.0,4.0,79.0,156.0,32.5,0.0,0,0,102.0,137.0,14.0
32.0,1.0,78.0,154.0,32.9,0.0,1,1,118.5,154.0,18.0
40.0,2.0,76.0,157.0,30.8,0.0,1,1,123.1,142.0,38.0
25.0,1.0,67.0,155.0,27.9,0.0,1,1,108.5,130.0,27.0
29.0,3.0,78.0,158.0,31.2,1.0,1,1,128.3,147.0,18.0
27.0,2.0,48.0,154.0,20.2,0.0,0,0,90.5,127.0,35.0
44.0,7.0,85.0,160.0,33.2,1.0,1,1,116.8,130.0,37.0
26.0,2.0,50.0,167.0,17.9,0.0,1,1,124.1,140.0,14.0
23.0,2.0,76.0,156.0,31.2,0.0,1,1,114.5,134.0,31.0
42.0,4.0,90.0,164.0,33.5,0.0,1,1,109.4,144.0,29.0
39.0,5.0,110.0,165.0,40.4,0.0,1,1,110.9,148.0,22.0
38.0,4.0,95.0,167.0,34.1,1.0,1,1,126.8,145.0,32.0
33.0,2.0,45.0,153.0,19.2,1.0,0,0,80.8,134.0,35.0
21.0,1.0,58.0,170.0,20.1,0.0,0,0,107.0,122.0,18.0
25.0,2.0,64.0,170.0,22.1,0.0,0,0,75.1,131.0,15.0
30.0,3.0,67.0,140.0,34.2,0.0,0,0,112.1,131.0,28.0
22.0,1.0,82.0,156.0,33.7,0.0,0,0,99.3,135.0,20.0
34.0,4.0,87.0,169.0,30.5,1.0,1,1,119.4,145.0,17.0
33.0,4.0,68.0,157.0,27.6,1.0,0,0,90.4,125.0,14.0
20.0,1.0,63.0,158.0,25.2,0.0,0,0,97.5,134.0,26.0
32.0,3.0,67.0,155.0,27.9,1.0,0,0,94.8,128.0,33.0
30.0,4.0,71.0,154.0,29.9,0.0,0,0,105.3,137.0,35.0
29.0,1.0,82.0,173.0,27.4,1.0,1,1,119.9,141.0,20.0
25.0,2.0,65.0,162.0,24.8,0.0,0,0,95.2,141.0,28.0
35.0,6.0,61.0,145.0,29.0,0.0,0,0,92.5,131.0,36.0
29.0,1.0,64.0,155.0,26.6,1.0,0,0,94.2,128.0,27.0
37.0,4.0,70.0,156.0,28.8,0.0,0,0,98.1,133.0,36.0
26.0,3.0,65.0,154.0,27.4,0.0,0,0,80.4,127.0,32.0
32.0,4.0,104.0,165.0,38.2,0.0,0,0,87.8,140.0,35.0
30.0,2.0,78.0,151.0,34.2,0.0,0,0,104.0,121.0,37.0
23.0,2.0,60.0,161.0,23.1,0.0,0,0,94.7,120.0,33.0
28.0,3.0,65.0,161.0,25.1,0.0,0,0,92.5,122.0,37.0
20.0,1.0,60.0,160.0,23.4,0.0,0,0,93.5,133.0,31.0
34.0,3.0,85.0,162.0,32.4,1.0,1,1,123.9,154.0,23.0
32.0,4.0,76.0,161.0,29.3,0.0,0,0,91.1,131.0,22.0
23.0,1.0,81.0,160.0,31.6,1.0,0,0,90.0,128.0,38.0
36.0,4.0,98.0,163.0,36.9,1.0,0,0,100.4,136.0,21.0
28.0,3.0,55.0,150.0,24.4,0.0,0,0,85.4,137.0,23.0
34.0,6.0,68.0,156.0,27.9,1.0,1,1,122.6,134.0,30.0
23.0,1.0,60.0,160.0,23.4,0.0,1,1,102.9,137.0,15.0
28.0,1.0,63.0,162.0,24.0,0.0,0,0,102.3,136.0,19.0
30.0,1.0,61.0,174.0,20.1,0.0,0,0,96.1,132.0,18.0
23.0,1.0,64.0,170.0,22.1,0.0,0,0,95.0,128.0,22.0
31.0,4.0,63.0,161.0,24.3,1.0,0,0,102.1,137.0,18.0
32.0,2.0,60.0,151.0,26.3,0.0,0,0,108.7,112.0,31.0
20.0,1.0,49.0,154.0,20.7,0.0,0,0,100.9,130.0,33.0
22.0,3.0,80.0,161.0,30.9,1.0,0,0,80.7,124.0,22.0
40.0,5.0,80.0,158.0,32.0,1.0,1,1,109.9,131.0,30.0
36.0,4.0,64.0,158.0,25.6,0.0,1,1,112.9,144.0,30.0
21.0,2.0,59.0,162.0,22.5,1.0,0,0,93.2,136.0,25.0
38.0,4.0,85.0,164.0,31.6,1.0,0,0,101.0,134.0,20.0
26.0,1.0,68.0,161.0,26.2,0.0,0,0,88.3,136.0,16.0
22.0,1.0,51.0,163.0,19.2,0.0,0,0,93.3,137.0,23.0
26.0,3.0,75.0,174.0,24.8,0.0,0,0,87.5,138.0,15.0
22.0,2.0,75.0,164.0,27.9,0.0,0,0,90.0,140.0,38.0
38.0,4.0,58.0,166.0,21.0,1.0,0,0,80.4,137.0,16.0
29.0,1.0,58.0,165.0,21.3,0.0,0,0,84.7,129.0,29.0
35.0,2.0,73.0,160.0,28.5,0.0,0,0,83.9,122.0,15.0
28.0,3.0,85.0,158.0,34.0,1.0,1,1,113.3,138.0,37.0
18.0,1.0,76.0,166.0,27.6,0.0,0,0,104.0,121.0,23.0
24.0,2.0,81.0,165.0,29.8,1.0,0,0,87.9,145.0,19.0
36.0,6.0,126.0,163.0,47.4,1.0,0,0,125.3,138.0,35.0
20.0,1.0,79.0,165.0,29.0,0.0,0,0,99.8,129.0,24.0
37.0,5.0,81.0,165.0,29.8,0.0,0,0,97.5,138.0,36.0
36.0,1.0,79.0,172.0,26.7,0.0,0,0,87.4,133.0,20.0
33.0,6.0,115.0,169.0,40.3,1.0,1,1,130.1,156.0,28.0
26.0,2.0,71.0,174.0,23.5,0.0,0,0,88.5,124.0,19.0
23.0,2.0,65.0,155.0,27.1,0.0,0,0,95.9,130.0,33.0
34.0,7.0,70.0,156.0,28.8,0.0,0,0,117.3,127.0,22.0
27.0,3.0,66.0,155.0,27.5,0.0,0,0,94.2,120.0,35.0
25.0,1.0,56.0,155.0,23.3,0.0,0,0,103.1,123.0,33.0
42.0,4.0,78.0,160.0,30.5,0.0,0,0,90.2,136.0,25.0
25.0,1.0,88.0,163.0,33.1,0.0,0,0,96.9,128.0,32.0
38.0,6.0,56.0,155.0,23.3,0.0,0,0,108.4,127.0,33.0
38.0,4.0,111.0,162.0,42.3,1.0,0,0,95.6,128.0,16.0
29.0,3.0,79.0,162.0,30.1,0.0,0,0,111.4,131.0,28.0
26.0,4.0,95.0,153.0,40.6,0.0,0,0,106.3,123.0,15.0
21.0,2.0,90.0,165.0,33.1,0.0,0,0,92.5,135.0,34.0
25.0,2.0,64.0,156.0,26.3,0.0,0,0,99.9,129.0,15.0
24.0,1.0,72.0,174.0,23.8,0.0,0,0,101.8,117.0,35.0
23.0,2.0,50.0,156.0,20.5,0.0,0,0,97.5,124.0,16.0
38.0,6.0,81.0,171.0,27.7,0.0,0,0,81.7,128.0,19.0
28.0,2.0,73.0,161.0,28.2,0.0,0,0,89.1,132.0,28.0
21.0,2.0,81.0,172.0,27.4,0.0,0,0,92.9,137.0,23.0
40.0,4.0,70.0,161.0,27.0,0.0,0,0,94.2,121.0,22.0
23.0,4.0,69.0,159.0,27.3,1.0,0,0,100.2,129.0,14.0
30.0,5.0,73.0,153.0,31.2,0.0,0,0,98.0,131.0,29.0
27.0,2.0,90.0,171.0,30.8,0.0,0,0,85.0,135.0,19.0
27.0,1.0,66.0,164.0,24.5,0.0,0,0,97.0,130.0,22.0
26.0,2.0,76.0,161.0,29.3,0.0,0,0,100.9,125.0,17.0
32.0,3.0,97.0,161.0,37.4,1.0,0,0,103.7,132.0,15.0
28.0,1.0,69.0,165.0,25.3,1.0,0,0,103.3,124.0,17.0
18.0,1.0,83.0,160.0,32.4,0.0,0,0,104.0,136.0,14.0
19.0,1.0,62.0,163.0,23.3,0.0,0,0,97.2,126.0,32.0
35.0,7.0,95.0,162.0,36.2,1.0,1,1,121.9,156.0,38.0
30.0,2.0,75.0,152.0,32.5,0.0,0,0,82.9,132.0,23.0
21.0,2.0,80.0,159.0,31.6,0.0,0,0,100.3,124.0,34.0
25.0,2.0,59.0,157.0,23.9,0.0,0,0,95.3,117.0,28.0
36.0,4.0,70.0,167.0,25.1,1.0,0,0,96.3,120.0,35.0
24.0,1.0,61.0,151.0,26.8,0.0,0,0,83.9,117.0,32.0
22.0,2.0,60.0,154.0,25.3,1.0,0,0,84.9,129.0,29.0
31.0,2.0,78.0,160.0,30.5,0.0,0,0,105.2,136.0,34.0
29.0,1.0,65.0,144.0,31.3,0.0,0,0,96.2,120.0,37.0
31.0,2.0,87.0,166.0,31.6,1.0,1,1,126.4,147.0,35.0
26.0,2.0,78.0,154.0,32.9,0.0,0,0,97.4,128.0,17.0
24.0,2.0,65.0,167.0,23.3,0.0,0,0,93.6,128.0,15.0
36.0,3.0,63.0,165.0,23.1,0.0,0,0,101.2,143.0,38.0
33.0,6.0,72.0,156.0,29.6,0.0,0,0,91.5,139.0,26.0
27.0,4.0,80.0,154.0,33.7,0.0,0,0,98.3,130.0,14.0
34.0,3.0,65.0,154.0,27.4,0.0,0,0,91.0,126.0,30.0
30.0,4.0,66.0,156.0,27.1,0.0,0,0,91.1,116.0,26.0
43.0,4.0,74.0,156.0,30.4,0.0,0,0,93.5,131.0,17.0
30.0,2.0,81.0,167.0,29.0,0.0,0,0,97.5,130.0,20.0
27.0,3.0,78.0,170.0,27.0,0.0,0,0,90.7,123.0,30.0
27.0,1.0,59.0,154.0,24.9,0.0,0,0,104.6,128.0,22.0
23.0,1.0,63.0,166.0,22.9,0.0,0,0,85.6,127.0,17.0
30.0,3.0,72.0,164.0,26.8,0.0,0,0,93.1,129.0,32.0
26.0,1.0,65.0,154.0,27.4,1.0,0,0,91.2,125.0,14.0
38.0,5.0,115.0,171.0,39.3,0.0,0,0,112.0,138.0,23.0
20.0,1.0,50.0,151.0,21.9,0.0,0,0,94.4,129.0,17.0
22.0,2.0,74.0,161.0,28.5,0.0,0,0,104.2,121.0,22.0
19.0,2.0,120.0,172.0,40.6,1.0,1,1,111.6,149.0,26.0
27.0,2.0,60.0,155.0,25.0,0.0,0,0,96.3,128.0,27.0
27.0,2.0,80.0,169.0,28.0,0.0,0,0,102.8,130.0,23.0
34.0,2.0,80.0,161.0,30.9,1.0,0,0,97.1,138.0,19.0
36.0,7.0,71.0,161.0,27.4,1.0,0,0,104.0,134.0,29.0
32.0,3.0,79.0,150.0,35.1,0.0,0,0,93.6,140.0,19.0
21.0,1.0,58.0,165.0,21.3,0.0,0,0,104.5,128.0,30.0
28.0,1.0,68.0,158.0,27.2,0.0,0,0,114.4,126.0,23.0
32.0,3.0,61.0,155.0,25.4,0.0,0,0,91.1,133.0,31.0
33.0,4.0,85.0,168.0,30.1,1.0,0,0,92.3,125.0,35.0
23.0,1.0,67.0,165.0,24.6,0.0,0,0,106.2,128.0,31.0
43.0,5.0,101.0,165.0,37.1,0.0,0,0,112.3,138.0,16.0
28.0,4.0,88.0,164.0,32.7,0.0,0,0,92.6,130.0,33.0
29.0,3.0,78.0,164.0,29.0,0.0,0,0,92.0,130.0,34.0
23.0,2.0,54.0,167.0,19.4,0.0,0,0,89.4,113.0,38.0
35.0,3.0,85.0,170.0,29.4,0.0,0,0,84.3,129.0,28.0
27.0,2.0,60.0,164.0,22.3,0.0,0,0,85.1,129.0,28.0
23.0,1.0,71.0,166.0,25.8,1.0,0,0,85.8,129.0,17.0
28.0,5.0,90.0,167.0,32.3,0.0,0,0,90.4,124.0,22.0
27.0,2.0,67.0,158.0,26.8,0.0,0,0,94.4,138.0,32.0
30.0,3.0,80.0,164.0,29.7,0.0,0,0,97.9,125.0,37.0
27.0,1.0,75.0,168.0,26.6,0.0,1,1,131.8,144.0,30.0
26.0,3.0,75.0,170.0,26.0,0.0,0,0,85.9,132.0,24.0
20.0,3.0,70.0,164.0,26.0,0.0,0,0,102.8,122.0,38.0
25.0,1.0,72.0,166.0,26.1,0.0,0,0,92.6,141.0,22.0
32.0,4.0,61.0,154.0,25.7,0.0,0,0,93.9,123.0,23.0
30.0,3.0,103.0,172.0,34.8,1.0,1,1,127.7,147.0,31.0
30.0,2.0,65.0,174.0,21.5,1.0,0,0,83.1,136.0,33.0
22.0,3.0,85.0,153.0,36.3,0.0,1,1,125.8,134.0,26.0
40.0,6.0,54.0,162.0,20.6,0.0,0,0,93.7,142.0,21.0
22.0,2.0,83.0,173.0,27.7,0.0,0,0,99.3,126.0,20.0
23.0,1.0,75.0,160.0,29.3,0.0,0,0,98.2,131.0,30.0
38.0,4.0,80.0,153.0,34.2,0.0,0,0,118.6,137.0,34.0
27.0,3.0,65.0,164.0,24.2,0.0,0,0,88.3,128.0,36.0
38.0,5.0,70.0,158.0,28.0,1.0,0,0,90.7,139.0,28.0
28.0,2.0,80.0,160.0,31.3,0.0,0,0,91.2,137.0,33.0
45.0,4.0,90.0,160.0,35.2,0.0,1,1,117.4,134.0,28.0
27.0,2.0,65.0,149.0,29.3,1.0,0,0,90.3,139.0,14.0
19.0,1.0,76.0,165.0,27.9,1.0,0,0,105.3,115.0,38.0
25.0,1.0,65.0,162.0,24.8,0.0,0,0,106.0,135.0,27.0
28.0,4.0,104.0,163.0,39.1,0.0,0,0,94.8,141.0,18.0
24.0,1.0,79.0,156.0,32.5,0.0,0,0,89.9,123.0,24.0
37.0,3.0,94.0,159.0,37.2,1.0,0,0,102.9,133.0,29.0
28.0,2.0,73.0,157.0,29.6,0.0,0,0,91.1,123.0,15.0
21.0,1.0,54.0,168.0,19.1,0.0,0,0,97.0,124.0,21.0
24.0,4.0,68.0,161.0,26.2,1.0,0,0,96.2,126.0,24.0
36.0,3.0,78.0,145.0,37.1,1.0,1,1,110.0,149.0,31.0
35.0,4.0,79.0,153.0,33.7,0.0,0,0,110.6,144.0,16.0
33.0,4.0,77.0,158.0,30.8,0.0,0,0,111.6,143.0,14.0
28.0,2.0,58.0,164.0,21.6,0.0,0,0,87.4,124.0,24.0
19.0,1.0,71.0,162.0,27.1,1.0,0,0,91.5,125.0,29.0
21.0,1.0,58.0,158.0,23.2,0.0,0,0,95.7,115.0,31.0
38.0,2.0,63.0,153.0,26.9,1.0,0,0,97.6,128.0,29.0
38.0,4.0,63.0,150.0,28.0,0.0,0,0,100.8,140.0,36.0
30.0,2.0,45.0,152.0,19.5,0.0,0,0,108.9,140.0,23.0
26.0,2.0,78.0,165.0,28.7,0.0,0,0,94.0,121.0,31.0
27.0,2.0,71.0,159.0,28.1,0.0,0,0,88.5,126.0,19.0
34.0,4.0,76.0,165.0,27.9,0.0,0,0,83.4,132.0,32.0
33.0,2.0,109.0,161.0,42.1,1.0,1,1,118.6,146.0,17.0
23.0,2.0,80.0,155.0,33.3,1.0,0,0,97.0,124.0,26.0
30.0,3.0,63.0,150.0,28.0,1.0,0,0,110.5,134.0,37.0
29.0,2.0,90.0,170.0,31.1,1.0,0,0,92.0,128.0,27.0
32.0,3.0,80.0,180.0,24.7,1.0,1,1,119.8,139.0,16.0
43.0,6.0,63.0,150.0,28.0,0.0,0,0,95.1,139.0,23.0
21.0,3.0,53.0,154.0,22.3,0.0,0,0,103.0,126.0,19.0
28.0,2.0,60.0,151.0,26.3,0.0,0,0,116.0,127.0,14.0
33.0,3.0,63.0,164.0,23.4,0.0,0,0,88.8,130.0,36.0
26.0,3.0,81.0,157.0,32.9,1.0,0,0,93.0,130.0,37.0
35.0,3.0,88.0,165.0,32.3,0.0,0,0,105.8,131.0,27.0
38.0,3.0,86.0,159.0,34.0,0.0,0,0,103.4,134.0,21.0
28.0,3.0,101.0,163.0,38.0,1.0,0,0,114.9,144.0,32.0
40.0,6.0,123.0,155.0,51.2,0.0,1,1,133.4,153.0,27.0
45.0,4.0,83.0,148.0,37.9,1.0,0,0,96.1,137.0,23.0
24.0,1.0,79.0,154.0,33.3,0.0,0,0,102.3,135.0,30.0
26.0,2.0,90.0,150.0,40.0,0.0,0,0,109.4,131.0,22.0
25.0,2.0,76.0,154.0,32.0,0.0,0,0,103.8,139.0,19.0
21.0,1.0,71.0,164.0,26.4,1.0,1,1,122.9,138.0,24.0
21.0,1.0,76.0,157.0,30.8,0.0,0,0,105.4,128.0,38.0
17.0,1.0,87.0,158.0,34.9,1.0,0,0,107.9,132.0,20.0
23.0,2.0,65.0,153.0,27.8,0.0,0,0,106.9,117.0,30.0
31.0,4.0,64.0,186.0,18.5,1.0,0,0,96.9,121.0,14.0
35.0,5.0,75.0,157.0,30.4,0.0,1,1,118.7,133.0,35.0
21.0,2.0,85.0,164.0,31.6,1.0,0,0,97.9,130.0,18.0
30.0,3.0,113.0,165.0,41.5,0.0,0,0,110.9,147.0,22.0
24.0,2.0,50.0,158.0,20.0,0.0,0,0,85.1,142.0,31.0
38.0,1.0,118.0,164.0,43.9,0.0,1,1,128.7,151.0,37.0
27.0,1.0,79.0,165.0,29.0,1.0,1,1,116.3,142.0,34.0
30.0,2.0,64.0,172.0,21.6,0.0,0,0,92.9,116.0,15.0
34.0,2.0,57.0,162.0,21.7,0.0,0,0,103.5,127.0,24.0
39.0,3.0,87.0,153.0,37.2,1.0,1,1,124.5,139.0,19.0
33.0,6.0,84.0,151.0,36.8,0.0,0,0,99.1,130.0,21.0
26.0,1.0,61.0,167.0,21.9,1.0,0,0,81.2,126.0,17.0
24.0,2.0,71.0,161.0,27.4,0.0,0,0,101.3,125.0,31.0
21.0,1.0,68.0,167.0,24.4,0.0,0,0,99.2,113.0,24.0
33.0,4.0,91.0,168.0,32.2,1.0,0,0,115.3,138.0,18.0
36.0,3.0,83.0,159.0,32.8,1.0,1,1,118.5,135.0,28.0
32.0,4.0,93.0,163.0,35.0,0.0,0,0,99.9,135.0,31.0
37.0,6.0,62.0,153.0,26.5,1.0,1,1,120.7,155.0,15.0
34.0,5.0,75.0,158.0,30.0,1.0,0,0,109.4,126.0,35.0
31.0,2.0,65.0,158.0,26.0,0.0,0,0,93.6,113.0,24.0
23.0,1.0,66.0,157.0,26.8,0.0,0,0,97.1,126.0,38.0
30.0,3.0,55.0,155.0,22.9,0.0,0,0,98.3,137.0,26.0
28.0,4.0,61.0,164.0,22.7,0.0,0,0,94.7,142.0,17.0
20.0,1.0,43.0,157.0,17.4,0.0,0,0,87.2,116.0,35.0
28.0,2.0,69.0,163.0,26.0,0.0,0,0,96.0,133.0,20.0
23.0,2.0,61.0,161.0,23.5,1.0,0,0,102.5,124.0,24.0
29.0,2.0,80.0,152.0,34.6,1.0,1,1,113.1,140.0,35.0
26.0,1.0,83.0,161.0,32.0,0.0,0,0,97.9,149.0,37.0
40.0,4.0,69.0,161.0,26.6,0.0,1,1,112.7,131.0,17.0
20.0,1.0,79.0,163.0,29.7,0.0,0,0,106.0,130.0,28.0
28.0,3.0,81.0,154.0,34.2,0.0,0,0,84.7,135.0,14.0
36.0,4.0,71.0,160.0,27.7,1.0,0,0,90.3,141.0,36.0
39.0,4.0,86.0,154.0,36.3,0.0,0,0,101.7,137.0,16.0
28.0,3.0,61.0,147.0,28.2,1.0,0,0,108.6,132.0,27.0
33.0,3.0,69.0,159.0,27.3,0.0,0,0,94.4,129.0,19.0
30.0,4.0,71.0,154.0,29.9,0.0,0,0,91.2,133.0,31.0
28.0,1.0,70.0,162.0,26.7,0.0,0,0,110.7,127.0,38.0
24.0,1.0,81.0,158.0,32.4,0.0,0,0,84.7,134.0,14.0
38.0,4.0,80.0,168.0,28.3,1.0,0,0,76.6,131.0,19.0
30.0,3.0,82.0,173.0,27.4,0.0,0,0,98.7,133.0,19.0
21.0,1.0,90.0,163.0,33.9,1.0,1,1,117.3,137.0,34.0
42.0,4.0,90.0,154.0,37.9,1.0,1,1,114.5,154.0,29.0
43.0,3.0,92.0,178.0,29.0,0.0,1,1,125.6,143.0,18.0
39.0,3.0,87.0,165.0,32.0,0.0,0,0,98.9,123.0,30.0
45.0,4.0,91.0,163.0,34.3,0.0,1,1,116.9,155.0,23.0
44.0,7.0,102.0,167.0,36.6,0.0,1,1,111.8,140.0,34.0
40.0,4.0,89.0,165.0,32.7,1.0,1,1,128.5,139.0,31.0
38.0,2.0,90.0,169.0,31.5,0.0,0,0,102.1,131.0,20.0
32.0,4.0,93.0,155.0,38.7,0.0,0,0,98.6,144.0,16.0
40.0,5.0,89.0,156.0,36.6,1.0,1,1,138.3,130.0,26.0
41.0,6.0,105.0,157.0,42.6,1.0,1,1,115.9,169.0,28.0
32.0,2.0,95.0,158.0,38.1,0.0,0,0,86.3,142.0,33.0
32.0,4.0,90.0,159.0,35.6,0.0,0,0,92.4,135.0,32.0
29.0,2.0,87.0,160.0,34.0,0.0,0,0,97.2,132.0,16.0
45.0,4.0,95.0,156.0,39.0,0.0,1,1,125.7,149.0,17.0
44.0,4.0,90.0,159.0,35.6,0.0,1,1,120.2,150.0,18.0
43.0,3.0,77.0,155.0,32.0,0.0,1,1,123.8,149.0,14.0
42.0,3.0,87.0,147.0,40.3,1.0,1,1,113.5,151.0,17.0
42.0,5.0,91.0,165.0,33.4,1.0,1,1,133.6,145.0,25.0
40.0,4.0,90.0,160.0,35.2,0.0,0,0,97.4,135.0,37.0
39.0,2.0,82.0,152.0,35.5,0.0,0,0,107.7,135.0,23.0
38.0,3.0,83.0,150.0,36.9,0.0,0,0,101.7,135.0,36.0
37.0,3.0,90.0,160.0,35.2,0.0,0,0,102.0,143.0,38.0
36.0,3.0,93.0,156.0,38.2,0.0,0,0,104.1,140.0,34.0
35.0,4.0,90.0,157.0,36.5,1.0,1,1,126.4,123.0,33.0
34.0,2.0,89.0,151.0,39.0,0.0,0,0,105.1,140.0,37.0
33.0,2.0,83.0,152.0,35.9,0.0,0,0,109.7,136.0,38.0
32.0,1.0,89.0,150.0,39.6,1.0,1,1,125.5,143.0,26.0
31.0,3.0,67.0,150.0,29.8,0.0,0,0,101.9,129.0,36.0
30.0,3.0,71.0,150.0,31.6,0.0,0,0,95.9,140.0,27.0
29.0,4.0,69.0,150.0,30.7,0.0,0,0,108.5,138.0,36.0
28.0,1.0,66.0,156.0,27.1,0.0,0,0,89.1,125.0,18.0
27.0,1.0,59.0,160.0,23.0,0.0,0,0,108.5,131.0,17.0
26.0,2.0,65.0,148.0,29.7,0.0,0,0,95.5,123.0,27.0
25.0,2.0,67.0,161.0,25.8,0.0,0,0,82.2,119.0,23.0
24.0,2.0,80.0,145.0,38.0,1.0,1,1,124.3,135.0,30.0
23.0,1.0,68.0,155.0,28.3,0.0,0,0,89.5,135.0,23.0
22.0,2.0,76.0,159.0,30.1,0.0,0,0,103.2,135.0,20.0
21.0,1.0,90.0,158.0,36.1,0.0,1,1,116.9,142.0,29.0
20.0,1.0,87.0,157.0,35.3,0.0,0,0,94.3,135.0,14.0
19.0,1.0,66.0,154.0,27.8,0.0,0,0,79.1,131.0,30.0
18.0,1.0,65.0,164.0,24.2,0.0,0,0,89.8,121.0,34.0
17.0,1.0,67.0,156.0,27.5,0.0,0,0,74.4,129.0,22.0
45.0,5.0,115.0,155.0,47.9,1.0,1,1,113.7,156.0,19.0
44.0,7.0,104.0,155.0,43.3,1.0,1,1,131.8,154.0,32.0
44.0,7.0,88.0,160.0,34.4,0.0,0,0,104.4,146.0,26.0
43.0,6.0,92.0,160.0,35.9,0.0,1,1,126.0,151.0,16.0
42.0,5.0,91.0,156.0,37.4,0.0,1,1,114.7,148.0,20.0
41.0,5.0,89.0,165.0,32.7,0.0,0,0,96.7,144.0,35.0
40.0,3.0,86.0,169.0,30.1,0.0,0,0,96.0,135.0,22.0
39.0,4.0,68.0,167.0,24.4,1.0,0,0,83.9,127.0,35.0
40.0,4.0,77.0,162.0,29.3,1.0,0,0,108.5,134.0,18.0
39.0,3.0,78.0,165.0,28.7,1.0,1,1,126.9,137.0,23.0
41.0,4.0,88.0,155.0,36.6,0.0,0,0,96.8,133.0,36.0
41.0,5.0,81.0,155.0,33.7,1.0,1,1,121.7,143.0,30.0
40.0,6.0,80.0,153.0,34.2,0.0,1,1,123.5,139.0,25.0
42.0,2.0,82.0,154.0,34.6,1.0,0,0,80.5,135.0,36.0
40.0,3.0,83.0,152.0,35.9,1.0,0,0,96.3,124.0,29.0
39.0,4.0,84.0,155.0,35.0,0.0,0,0,92.2,138.0,16.0
38.0,3.0,86.0,160.0,33.6,0.0,0,0,88.9,135.0,38.0
40.0,7.0,85.0,160.0,33.2,1.0,0,0,94.9,130.0,35.0
41.0,4.0,90.0,172.0,30.4,1.0,1,1,135.4,148.0,22.0
42.0,3.0,67.0,170.0,23.2,0.0,0,0,98.7,140.0,28.0
39.0,4.0,76.0,166.0,27.6,1.0,0,0,90.2,123.0,18.0
40.0,7.0,95.0,157.0,38.5,0.0,1,1,128.3,140.0,36.0
42.0,5.0,67.0,155.0,27.9,1.0,0,0,107.1,130.0,26.0
38.0,6.0,65.0,154.0,27.4,0.0,1,1,126.8,135.0,27.0
37.0,4.0,86.0,166.0,31.2,0.0,0,0,97.0,140.0,33.0
35.0,3.0,87.0,160.0,34.0,1.0,0,0,92.1,133.0,28.0
36.0,5.0,88.0,156.0,36.2,1.0,0,0,104.4,134.0,29.0
37.0,2.0,92.0,157.0,37.3,0.0,1,1,126.3,130.0,36.0
34.0,3.0,90.0,155.0,37.5,0.0,0,0,106.6,140.0,26.0
35.0,3.0,89.0,159.0,35.2,1.0,1,1,127.5,134.0,30.0
41.0,4.0,87.0,165.0,32.0,0.0,0,0,105.7,136.0,36.0
34.0,2.0,67.0,160.0,26.2,1.0,0,0,89.9,134.0,21.0
33.0,3.0,65.0,167.0,23.3,0.0,1,1,128.5,148.0,34.0
28.0,2.0,68.0,156.0,27.9,0.0,0,0,96.8,121.0,15.0
